[{"id":"1","titulo":"Casa de Lujo en la montaña","transaccion":"alquiler","descripcion":"Casa en la montaña con excelente vista, acabados de lujo a un precio irresistible","precio":"$4,500,0000","num_wc":"3","num_estacionamiento":"1","num_dormitorio":"8","active":"true"},{"id":"2","titulo":"Mansion de Lujo","transaccion":"alquiler","descripcion":"Mansion de lujo con helipuerto a un precio irresistible. Ideal para transportarse facilmente","precio":"$5,310,0000","num_wc":"4","num_estacionamiento":"4","num_dormitorio":"7","active":"true"}]